"group","Class","X4","Y3","Y5","Z3","Z6"
"A",1,56.2874240889407,60.7533925538623,57.4440828948815,-57.0881997054981,-59.4702902275532
"A",1,62.3314504038143,80.3231359722176,79.4116190844488,-37.8174217039562,-22.0231243184405
"A",1,11.2987923791465,63.5406180460071,73.5104552371568,-53.944290078183,-61.636972115043
"A",1,-11.673347422925,63.5523960744932,75.2236618292054,-72.6976021856738,-82.286107278659
"A",1,56.1093411052089,72.5597896361924,65.6246105908852,-34.6635854080087,-50.1733211537854
"A",1,82.263611786271,58.1208072062681,60.2992999326762,-57.5320343953489,-64.7877175730979
"A",1,10.2140527805748,80.0574647753928,81.7139932520014,-25.8520061546139,-27.4874470178759
"A",1,75.9764444761369,73.3901004339804,73.7945528725592,-65.5573478192325,-61.4475988541667
"A",1,49.5468785456558,31.2547397652652,75.7473391041537,-85.5860271758915,-80.9997797580679
"A",1,74.4379021080199,81.1728609710607,86.4014626803817,-37.8715421073607,-28.9531464761318
"A",1,-10.0743455838457,75.1013493201209,64.4451958753916,-58.3204171216964,-83.3881821998358
"A",1,-10.9081398841955,58.0942769844186,76.5239474971573,-85.5881207121661,-74.5039768620023
"A",1,10.9007487251548,60.7685034506843,73.8619366560139,-56.3967286047025,-60.0638264642421
"A",1,5.95475119608317,76.8640213259411,61.7914351234758,-55.2597990505399,-36.3793045145307
"A",1,31.5730431720372,-5.4515382125623,57.1546431262627,-82.1094271827727,-52.344650555783
"A",1,9.45523815809385,61.1662046436828,85.4570080402729,-50.7561886460311,-27.962844668176
"A",2,77.6392052858854,150.69206155668,126.520208560572,10.0934153594056,16.0827164306073
"A",2,90.0258662053388,136.309520345719,112.293332347217,33.8291640932943,14.8826354882409
"A",2,53.8120232048931,81.179202980104,57.6462217890412,13.3035147382781,-4.24036329906022
"A",2,1.93237660257901,93.1190358705472,103.002373981575,17.7236090539965,17.7184101858352
"A",2,61.9252465189163,102.710052736219,95.2558665430813,-13.6093312401378,-13.5331493459789
"A",2,103.187651807555,130.879467509698,95.4924426432545,3.50382385887636,-47.8391391811621
"A",2,96.6235220852784,135.62731741769,147.332762888773,-1.95174790444381,14.126538642225
"A",2,24.0465910685758,123.075562289028,85.5465245274407,11.7875320164457,25.2440827675142
"A",2,93.9347500560555,94.2230376931446,93.3606086763431,31.4363514756902,37.3173698134955
"A",2,68.5444474985928,141.998077685138,102.733185159543,38.1975867177488,-52.4583909514588
"A",2,9.95110441296919,46.3812139307213,18.5071963060442,-83.6618820853024,18.9503588024074
"A",2,42.3511198863687,128.263940828492,131.699144812955,21.7601099322468,8.01585371988447
"A",2,87.3158392221788,122.68475944868,37.4492850338733,31.7795050386446,-48.8279899224715
"A",2,22.2419533659045,125.263559123481,139.093383191149,-30.1403618415605,-21.1759308269468
"A",2,-22.5883757018863,-9.3965206324127,-56.8387223690723,-42.5471700712542,17.6318973715562
"A",2,67.3590034322149,89.2908002957365,139.929620360863,-17.5802805090375,-19.5321826866099
"A",2,70.0823268378817,116.702791655399,93.4101800966976,47.5879614705405,19.4400081137206
"A",2,68.3228079803596,48.8007090361399,90.440666711452,-78.5193956153104,44.5491946115709
"A",2,13.392313103822,141.388763259514,105.234858531916,-10.3455401574611,-51.5697826727374
"A",2,38.2255781360227,29.4451478463906,103.504275808776,-80.9533516870083,-83.6897399259762
"A",2,50.8674656831644,156.214589290063,85.5946002973746,-16.203736593018,-13.188203790149
"A",2,82.1247990338263,123.150853560296,138.275171208035,11.4302057778962,-39.4838206649272
"A",2,51.9129721400546,100.613546476812,95.0422103190687,-7.63618415631221,-56.7996586742203
"A",2,24.9153414865983,112.433406646759,131.537280893956,-17.4738141227621,-1.65319874835096
"A",2,7.7046391070267,142.366761489944,157.987586319653,-20.3294316208093,-78.1585520181761
"A",2,65.0861684702633,126.038146948584,68.7913159666743,-26.8927073142719,-17.0642365802112
"A",2,81.2410437454529,88.632135843688,152.320148576256,-15.1796872731672,-10.8495370601505
"A",2,19.0852894250291,140.414262440453,111.208353354318,37.533121652121,17.8303698786864
"A",2,60.3644233622049,139.60378501305,80.9641504622621,9.57913335395854,41.0493422170665
"A",2,-1.42161660515139,152.981219869541,95.191146131777,26.8726754636015,-32.346933399406
"A",2,-1.64044771873038,137.042100059808,133.069614068742,24.7943223872774,14.9817138630975
"A",2,13.9712513234976,118.922202240916,133.646446610955,5.68128431096488,15.2821539297713
"A",2,56.3850047312967,130.510534751215,141.685476631392,11.0600523848936,17.8480699285067
"A",2,63.5383900998286,13.8981858392014,105.904459632558,-52.8813441741469,6.07645151370602
"A",2,22.7454917197502,86.8043181911793,81.2009382732743,-1.68186740808902,9.92405250908728
"A",2,53.9794977741454,92.0229163122241,145.039111515798,7.73849141109523,9.7583908152121
"A",2,51.3287284716183,84.0347982024345,115.088437240334,6.18210286756902,16.9862740066415
"A",2,57.4118376246208,91.065728855258,87.9279355387901,19.3765682751483,-17.735124946391
"A",2,66.2618980643549,127.468177661699,123.584064318032,47.0845438161256,33.6583696262714
"A",2,1.90073086932997,101.355685484781,101.770310344724,-15.7357886276664,-24.6007438658033
"A",2,2.19038555972071,131.911089745148,50.0372711225898,-15.1672267647187,-47.5715738021207
"A",2,52.9098986961682,75.1225641570905,98.5008483698528,-43.7384017881865,-48.0090127160537
"A",2,71.0860664257163,137.769371778021,120.942893796615,28.7288536655488,-23.2344474371313
"A",2,11.4736034443547,133.503199311579,92.2699782356786,19.1012620493962,12.6574272071645
"A",2,-29.9334148623623,95.9627233647756,31.9825656326033,-18.9584263568541,2.57421369981258
"A",2,29.0364535728565,151.659757449585,88.783318998401,20.7795265039322,-75.5916438728766
"A",2,30.2503106439461,123.299459860061,138.661627338393,11.8263453551261,26.1335892357795
"A",2,73.1442071084613,141.247938741747,62.0382749909341,20.6912371327371,-49.672520301302
"A",2,67.7635139592157,93.7607284882383,153.010062411277,-5.45293902763545,-78.29591418564
"A",2,87.2385247165951,101.759380125496,160.683264675404,-18.2712019372013,-29.0959175801512
"A",2,43.9544375440477,88.6121570162814,138.948606601126,-19.8657817280836,-27.6847331569858
"A",2,62.4163716498872,102.55257367864,69.5965537390631,-13.7095967655212,-18.9862224372199
"A",2,18.8006817521855,158.452118699029,94.5462318263209,-4.14307075730615,-27.1971235002201
"A",4,52.0686534664236,133.45535819996,55.4124766696929,-62.1983133195441,-78.1978120701187
"A",4,53.9193926279443,128.282274630989,17.2066979531869,-34.0588637126868,-55.425065960093
"A",4,-19.3267284833911,132.23221233745,93.9345266830286,26.1125401762597,-51.7871493320227
"A",4,-3.04339853369471,139.575040718349,21.9902154047918,-3.05062980019432,-68.5773945759792
"A",4,90.747925396559,144.447538522481,25.0825101348211,10.6016828865325,3.05985320433993
"A",4,53.704719869284,59.1222674077406,93.8047455081362,-37.572575524891,22.8952481065877
"A",4,71.3300057518377,153.446187923453,35.9238521885346,-7.05213598846354,-63.6476392464743
"A",4,111.766733792663,84.8729169789363,84.5315036090917,-26.8391316739882,-61.4962744152651
"A",4,68.6148875657164,94.3598981849991,15.0232513209658,-29.8618674193989,-81.582915421041
"A",4,44.6875236420408,46.576797029588,86.0670418814061,-60.0356464104959,-24.5079978821464
"A",4,30.0482208894053,91.4213155497887,53.8207252893338,-43.2502691274389,-62.5497727180538
"A",4,15.6875774955773,46.2094869610788,143.417773706623,-31.1111436628021,-49.2390713680794
"A",4,54.4125027867643,47.5536935155965,85.8080105742061,-42.8994323942835,28.3496424563694
"A",4,39.1580997707871,134.909534952327,49.1141847468553,5.47942325727097,-0.404538800417823
"A",4,68.2294498436069,77.1001097528488,97.6588257411704,-54.4212729605992,-54.5484200649668
"A",4,100.263087202128,148.502735019303,134.296713318538,-43.3467525605062,-84.9500856191591
"A",4,88.1248750472638,94.0915634340294,-1.83873889375772,-18.8144756329688,-90.2558538553782
"A",4,11.9081779121359,15.8425014326455,93.4597584230934,-42.767614073121,-40.3084781528145
"A",4,54.7021907861956,137.667111129265,148.15029145716,-11.7635599006157,-56.6179209247882
"A",4,59.1699471369654,17.496626953542,47.8853986432609,-54.5820203862773,3.14498349301468
"A",4,114.555719234489,28.3536617798395,130.898289945067,-58.2578806958727,8.10276273858367
"A",4,27.7357064822531,138.097956428225,128.115455170542,-53.3340487160458,-39.4312587281293
"A",4,48.2056149254223,83.6280070192,48.2745647496793,-28.0148665100737,-64.2798661638153
"A",4,-12.6533163116468,92.5624487733349,135.293357676851,-45.4086427201388,-62.5768187167984
"A",4,82.781830160813,48.8618190692584,95.4535731539875,-58.2183746052414,-59.144735617856
"A",4,99.0435504540696,131.820221500289,144.793691681864,-43.4250658509493,-21.2778552749765
"A",4,92.3203052110894,39.5799073219137,92.9578724054275,-62.5105658309815,0.574799616879824
"A",4,69.1387300592266,21.6640630926062,139.550720427844,-61.2376885815865,-23.9122234679062
"A",4,36.547617728211,76.9351682085949,17.9547259898479,-54.3301174598446,-54.5846945689349
"A",4,78.7466665723947,46.4856657389463,30.1860100509512,-60.420765350383,-35.0174865875237
"A",4,51.9150890233026,94.2192340909941,101.528649344409,3.35930332169478,-38.5437117033451
"A",4,89.2483729842481,45.6352739360158,100.594155433741,-59.1515399191946,-57.6065851710978
"A",4,52.6682024958426,136.827306356047,134.003768283446,-78.5858136890513,-62.3070220297565
"A",4,107.703780955688,94.5515900306991,10.7618336664653,-23.4738960611765,-82.7758377543281
"A",4,21.6326514953667,40.1093767840475,148.820308951948,-65.091593536326,10.2509728315129
"A",4,90.4393135735416,143.969680679012,95.6151397377743,11.0455374982498,-49.4880917209611
"A",4,68.3513195246131,102.076586852599,105.004294855236,18.7189746235756,-46.3498514165335
"A",4,52.3397189786485,102.250701125098,12.1111974012587,-2.50040070189553,9.37868705373484
"A",4,71.14314469655,96.2233352273187,143.092166711384,-2.96560993195093,-10.3580822377238
"A",4,70.2984505717351,105.159888603562,94.2874996487444,5.27850698635874,13.7048229099738
"A",4,22.1510095125127,153.177515161168,62.3651881546587,-23.5702691665649,-0.439117662642634
"A",4,74.4122558195299,39.5903639833808,93.7283357686463,-58.2900669519658,-58.3890753180531
"A",4,55.8608653206182,-6.93981996207273,137.031774905538,-29.9188107153737,-38.2053486647999
"A",4,71.3147462426979,29.0549128100832,131.047748945537,-59.5247022879349,0.407211418455552
"A",4,23.0696156193439,102.582813152126,153.546329944558,-1.29866377101879,-55.0066311806117
"A",4,112.751664547814,96.2818192781099,21.0673890358674,-9.20732104457116,-66.5668788457764
"A",4,71.9766217918593,60.2967196330681,131.955792479857,-36.3096016711467,-42.1796205498879
"A",4,23.2314314785826,102.238912348467,100.953695708064,-1.24233379110426,-5.14418723739579
"A",4,38.0519580360559,94.7787499472003,19.1466184347141,-0.254707525993272,-56.1344896957356
"A",4,-12.0900120780914,130.497818311156,134.663840017902,-63.5574124147706,-64.2218173192347
"A",4,82.5336033401574,17.1178175977236,88.1520852578184,-44.4226962083947,-39.7371146318477
"A",4,79.5860181992293,128.505303963182,32.1254181883977,-15.3708453010229,-32.0732169209793
"A",4,-12.446524718217,135.554186462129,92.4873919366068,-79.0552219982322,-62.6040778466198
"A",4,29.1561750452562,33.702828140356,54.2829032016447,-97.7061203075624,-63.8044134146558
"A",4,40.465931987745,135.795676121213,53.3591095538656,-78.767765460385,-45.1109330150805
"A",4,-4.23267385874393,37.0438887211531,21.69595079408,-58.9528689906896,-67.5479667753442
"A",4,87.1138278346353,43.0140970009932,98.9283254806494,-61.78404255868,-61.0499063948957
"A",4,14.5245016370895,157.751106147432,25.7314063228066,15.8342403976769,-32.472800750625
"A",4,-12.6214135412913,150.802298259331,16.3651713630114,-22.5902835875743,-79.1206867440141
"A",4,23.8343985139233,31.6690013023145,50.9659863075969,-97.4693792320528,-63.0486797394784
"A",4,58.8631352724101,43.1580503972193,156.968346105102,-98.4912077045287,-28.115041082172
"A",4,107.315094447034,94.2987586393978,13.2280054321186,-21.3280133372055,-82.3840092777084
"A",4,39.4505562693178,17.0211483204749,152.225388275179,-76.5490401205525,-42.809087375826
"A",4,112.277691927214,88.2970034731478,153.27191597668,-15.8268614419354,55.6703121924042
"A",4,61.9662697625331,59.3415562281425,47.2307980588308,-36.564310845665,14.6402564529211
"A",4,55.5017835802326,159.022215093615,101.041944863208,11.2486124010806,-18.7816448585243
"A",4,70.8331281340441,85.2254066358985,8.65423003971638,-33.9280892959474,-81.7477306131555
"A",4,41.152560551504,19.8871014442958,-3.53852589862631,-62.6735558092789,-60.7025356323703
"A",4,-0.488516810256701,102.658617902497,166.262969962371,-10.4257957692985,-57.9335888229796
"A",4,-18.8533339541913,56.6363068864648,44.9913804354541,-40.4444582012459,12.3689647044718
"A",4,78.4967014993158,25.3968246713013,144.332801824279,-65.643437802015,-21.7534571168763
"A",4,43.8425659983674,134.849046436358,49.1085559437052,5.6581690681422,-0.273582017344197
"A",4,73.2468661838268,24.7006684882374,47.9810537117199,-50.3152599182672,16.2204256730215
"A",4,94.4599770132289,96.0233272049549,-2.86033886120348,-8.72758106403726,-59.4740537673894
"A",4,86.0212104606655,137.054229840996,18.1406886723447,-57.5884534609441,-36.2366235176167
"A",4,-4.32892437104285,88.3476770260687,139.494218599321,-15.6127539476385,-66.1238430512561
"A",4,85.4335647784616,95.1984114534669,95.6862145556968,6.8031369708118,-54.0429810992255
"A",5,78.8713969827184,130.005183804147,86.0386590952242,-45.6055847638566,-61.8786986861418
"A",5,-10.4939952124493,116.242596621135,98.8702698004026,-41.8365603982153,-10.1349663282761
"A",5,12.1723546906485,132.590305648449,50.8448760634809,-46.0659380775121,-30.3073694364937
"A",5,27.2568192236824,134.644561039163,136.282601967513,-45.2120909687723,-8.41519299470612
"A",5,14.7141006460467,99.0452378257745,7.1287777732928,-22.5410443622864,-70.5022590141243
"A",5,23.3738490348405,95.4531986431611,30.5916620020451,-7.80291501422754,-24.2344614802825
"A",5,-34.9799615436068,81.2738136444424,81.7010447903786,21.9483507730271,44.2511339580906
"A",5,90.0272738290894,89.9383567757561,137.431414391603,2.34431601370005,-50.2112592135197
"A",5,98.9777583786,95.1868383136338,7.19591255974388,11.3397569000673,-56.3286179994912
"A",5,63.5771951694383,7.48620019006372,80.954770742302,10.6266224383502,-5.56933521116487
"A",5,-5.17297627184426,89.4679786970898,85.7424867528384,-19.9745082121552,20.6124562810679
"A",5,52.1838384130401,94.7307765489952,21.4353102945515,2.46564625664089,2.30630004630794
"A",5,-15.8438140662409,93.0598155278658,96.9678917740387,0.375315598294922,-76.1503323947628
"A",5,-4.09763095341243,105.007160244406,95.3183757567403,-71.0849580630276,-68.7708587497117
"A",5,-11.4166060949298,127.675245580722,105.272744882915,-29.9223171431646,-96.6904967405716
"A",5,27.687578148468,97.1365730507064,77.5103568865517,-9.61967739038228,-47.0789371737578
"A",5,-24.8455478985624,132.22179304677,134.78644941936,-38.6440860360571,-10.7638015685215
"A",5,27.4845059768062,88.5308843671867,146.154419967709,16.2328370151535,19.6349274611486
"A",5,76.1346192856616,14.7144147563089,100.874206305792,-80.830050793166,1.35745911952543
"A",5,16.4943775772076,54.650918357608,140.475917868653,-97.2721281524269,-20.5811721531091
"A",5,5.08769608132841,133.166048362781,134.742053685006,-21.0384809879066,4.43138079376903
"A",5,28.3893799647144,121.86041544352,47.1479230054449,-3.27487941606679,18.0285275789864
"A",5,56.5266020631029,137.929040725824,39.6451952671145,15.8063686398026,7.04925862144479
"A",5,58.1878646204048,86.2011322257052,128.550679906882,14.4421011577083,-20.8570617887997
"A",5,103.480761472394,71.6222772118464,10.3604054671942,8.30143606771159,13.2906831077851
"A",5,-17.3164995177171,38.9593708352101,84.7334370203612,-45.6587158519061,-51.7961480251561
"A",5,15.5867992053376,54.9583105284773,21.6930929385208,-82.0295922994737,-36.1014444390836
"A",5,59.6062209990158,106.767043618992,60.5277797911605,-66.4645895140878,4.16665671597347
"A",5,102.734910552851,72.7894508342694,138.915366607244,7.52949187583445,29.6476081603966
"A",5,29.3621527053458,96.8124972590948,129.058947435903,0.906308187558086,-15.7226638770671
"A",5,-0.810809348488228,151.013238747111,135.142458125797,-17.7224401165107,5.22039275131374
"A",5,-11.8736257760513,97.2597158385063,20.4905080817802,7.31973002281757,-35.0914657235007
"A",5,67.5564695175621,21.2473931765129,86.5709185745966,-87.0624397159511,25.7945577788779
"A",5,32.7379791347874,127.284229253892,80.8239246289298,11.3589818441804,-59.8509698539865
"A",5,82.9813826894245,106.695026635669,134.689238247577,-66.5091859303898,-67.1922482621587
"A",5,5.66617925524611,76.0569828523229,106.709923862154,-34.8736226397335,2.00216268825384
"A",5,12.2714017126275,53.7433475761866,95.1093689356047,-91.4200479991528,-72.9582363726675
"A",5,76.734175949956,128.90668563828,104.652926474738,-28.9945901457306,-91.958993707665
"A",5,59.8624584540077,76.2719414901161,37.7514901813742,3.75877911910143,-79.2311419583717
"A",5,60.4479811200493,82.9414395740681,98.4846005355153,-70.1120049923469,-10.7180446416037
"A",5,28.2034314796615,114.42515584583,20.1873573169281,-26.4816114916974,-2.26692380169129
"A",5,91.4094980217504,66.5569878435076,99.3653193573038,-62.9595301976394,-83.3384314511349
"A",5,120.015646951165,93.3982154253233,124.269790978206,2.04967451827942,-78.4631022351969
"A",5,37.3753583478315,117.51774668057,98.8349372783387,-40.2386656471779,-10.5748314636701
"A",5,72.3340422996604,83.153295954539,108.871180976769,-72.5124265798389,-46.1290536974593
"A",5,-28.7664393687598,97.5252851328063,150.380593601481,-10.2629698970327,-47.6954600856429
"A",5,-30.2511453489058,98.3010727704698,134.633203887652,-7.05010245582631,-39.8773807096058
"A",5,77.0635671169942,136.344590338834,147.35878829179,-43.5556081603328,8.77932582327914
"A",5,93.85494993091,105.32307822871,103.320482374965,-67.5588174018433,-36.8615018121308
"A",5,60.913571516997,60.5593290758415,97.3772952680946,-63.5365853087946,-20.5351803826627
"A",5,23.7158783906889,91.791680962438,100.132501402065,0.692801249916791,-49.8609431858733
"A",5,-10.6031332764358,57.8896737150996,21.9418118305141,-80.8608049667742,4.23066092180665
"A",5,55.8043707776814,87.9550703140848,93.1535272663697,13.8765309766235,-86.5460969309046
"A",5,26.7154676289717,134.293746484888,99.3847699495778,-54.7320471126164,-35.3743471005046
"A",5,97.5499834923784,10.504714193085,94.0892865200987,-67.3120316397736,-75.6472724028387
"A",5,46.2505158437677,139.142698230254,145.273753301091,-18.3178023718858,3.29757742360061
"B",1,33.4505703091555,59.9105051188194,81.1423257359143,-48.3154929880477,-25.6685154612637
"B",1,57.3936111082572,83.1269663703863,152.957278143214,-41.2877879166523,35.8243964407859
"B",1,-9.3042457325609,78.0308321959456,69.7497651638394,-52.1302110216568,-79.5448958394057
"B",1,61.4102118128841,81.1883001392414,85.3049101052775,-41.0835744934677,-26.0416135790267
"B",1,52.7510151329061,-2.31299654409295,75.3384633664383,-82.0671923293829,-34.2181397490771
"B",1,55.9165577851054,86.1197861353323,85.1330105053425,-22.7773126512737,-40.6816469383666
"B",1,10.4000205293728,85.9083502039047,81.355497801065,-32.3179897100166,-69.7376647064001
"B",1,73.3242769005171,8.80601068925843,85.9825818445916,-70.233987634725,-22.994100318732
"B",1,54.2954385533647,73.9075342739116,64.779945093334,-35.7569575569234,-59.2649202782361
"B",2,42.6110336556578,137.392651022811,114.154195344247,48.1573030003746,19.0110005323344
"B",2,78.3514427674315,136.250552655026,153.295963977492,3.29956639788805,-76.2399485776083
"B",2,72.3609882635884,14.4054837457171,130.417596240233,-75.9609922337152,-8.90193941708264
"B",2,85.4006050184666,131.852383144147,94.3693024613667,38.6561409984197,11.6339956889268
"B",2,17.0034432912478,46.1133356084882,87.4014925443531,-78.1411065941384,13.1426881152743
"B",2,67.3401533414198,139.930752443362,102.062999781483,-19.051719205856,-17.9694281605307
"B",2,56.3781905280455,77.8685849352408,122.380613894204,35.8603403239595,50.6624192134025
"B",2,57.525868316328,139.313576422011,122.239535684168,11.2990357812568,-52.0955574054716
"B",2,46.4948830825353,125.479758882267,138.599736941141,-28.4703433962235,-19.522532053129
"B",2,5.8772068573778,17.9918894452357,147.503354378713,-63.4212360928527,-13.0174947998408
"B",2,97.4617057661524,98.6460730398099,94.2175428093583,12.1911675973227,25.9316625630338
"B",2,60.5512742936895,75.1259405091614,57.5496805675231,-41.5502530165803,27.7424061589605
"B",2,38.6341645707115,143.245169443446,95.6303467297903,36.8511034116221,23.0007996452678
"B",2,91.3027943046886,89.9979833964676,6.33054836957323,-15.9712640651136,-35.8022429348493
"B",2,108.117326871317,147.104710931107,132.898014978326,14.0235140812875,-54.5267492606555
"B",2,108.204638664304,136.72198072381,47.1779954911819,38.2420652606093,23.4217793024336
"B",2,66.7075830730447,94.4858203329984,96.4893935067774,2.69662801097373,-2.46659698902933
"B",2,22.3701297711798,47.9365265467184,95.189230124829,-26.9021563740485,-18.849756663956
"B",2,-5.14678565639142,142.453267843643,99.4008581100576,-26.1784079640732,-27.8298496858082
"B",2,107.155091608014,137.80373623868,91.4783131825689,34.9702570062693,-75.5258908429084
"B",2,34.5561097884868,94.7990389770586,94.6425247959664,7.15033568223465,-77.3022303462231
"B",2,87.9127023700285,148.867579817598,136.325859691792,-34.0791980949037,-62.404115256802
"B",2,57.6815874032449,136.542127937627,138.017676622657,17.4233251138335,-76.8398616430156
"B",2,20.6349989051653,121.167956142674,58.5472064375351,35.2986166363818,8.03892845834325
"B",2,45.631381744417,136.372290666449,132.842798821593,32.7400702290607,26.4770930549898
"B",2,32.7614365941788,137.663722074546,93.6758629814185,7.72588318452671,3.58740072594217
"B",2,54.0512883899029,94.2641778928339,102.777227139215,4.42930273683396,-1.59765148149667
"B",2,30.0522950308701,138.581589391582,75.804850126695,28.303876847022,17.4567530621732
"B",2,-78.6519811738518,66.5484528301572,69.6045169862192,-54.3357077815261,18.0972694058319
"B",2,8.52984827634134,137.937476255094,102.292081230277,-25.2975056366217,-21.983609389273
"B",2,57.3938216942838,88.5423096920217,118.20450342932,7.90698104938295,14.3965980923617
"B",2,70.562860906272,116.407564916082,88.1222620377387,9.75247635047333,-42.7445869427737
"B",2,52.1989288819384,43.8616768693607,84.3610745420916,-48.3850348185928,21.2685441979918
"B",2,23.0719523685722,132.241481398271,80.0867819271537,8.30495857740916,-3.81136424476656
"B",2,80.6860654518866,93.0348626001464,87.553451329403,11.5804871631433,-17.9915064007214
"B",2,58.9080290875474,131.384566782251,112.886649383441,29.5973862788192,-9.75891011978081
"B",2,2.07552180907055,82.1040190759454,85.8736449414338,32.6084238208343,-29.8100440903106
"B",2,48.6010827374368,132.058084661822,99.0748354792262,38.3590595133162,12.2727209004288
"B",2,-0.032137581769355,119.560791276472,110.171683971865,37.1373755683342,29.1841724553669
"B",2,80.4889059429399,141.163825026577,121.37429898263,53.0943308516574,-19.3673419325837
"B",2,41.5295793083258,123.19848574024,97.116504923487,31.5810826498468,41.5695599517336
"B",2,64.2985133994387,153.59121096984,136.420727032081,32.6996875068496,29.6695662419487
"B",2,11.0584361373308,87.6129379806713,43.7264636096573,4.82682283931186,13.636557135927
"B",2,21.4172223487219,139.707679715382,74.8046587531759,23.3724328699636,-16.8690249991236
"B",2,61.5856676826479,63.2164293103586,127.857666460651,-42.4875026890385,-60.6267201186653
"B",2,53.3919437796473,13.0934668174712,31.5306869552895,-74.6167164005342,23.0816120942921
"B",2,119.72911429526,87.5052981401966,120.010957231524,13.8110093462328,27.3290262729969
"B",2,94.7305417669098,158.194314887027,89.0327606281948,9.21307349368197,17.4663748234621
"B",2,16.7508455179648,93.9371626736658,92.1229345545705,-1.35761149142682,18.6499655632765
"B",2,-1.46678942104952,97.5305852818412,56.621403099991,-7.5050893272734,16.3458405490871
"B",2,69.7638638664134,41.841039784611,85.4111574374227,-48.2984372063376,22.5103579081543
"B",2,11.7392718692047,137.482342058677,46.6028225933395,-20.9466764139084,14.029879035541
"B",2,89.8114598451227,120.215457781171,84.4562578249779,44.5052846761395,-18.9636042487892
"B",2,84.357259437317,113.126523718454,139.019691204592,23.4278425711649,12.9357376118537
"B",2,71.233150821772,140.143513846235,74.4245794392604,42.7991636971393,-43.0790228227499
"B",2,12.9742892612722,145.411005378709,133.737199003357,17.2937080656624,16.8431011458047
"B",2,62.9750099802886,36.3540438200666,130.291217976822,-88.3807376860615,-7.81633060536483
"B",2,12.5663235848749,92.0053964656294,119.580861695497,5.7662612877489,19.2262894323673
"B",2,54.7182691231108,153.331934624544,56.6062345981798,29.2429061725263,-2.32024233973425
"B",2,75.7418774135709,140.522713047019,121.957408580848,43.6167333507329,18.9483277902066
"B",2,46.0356766669223,78.1458167201703,120.456116372085,-25.2921995829265,-2.98054459481743
"B",2,56.1143726141093,93.5855196491154,89.0229387231261,2.44330955457262,-77.2820821688195
"B",2,120.202782353161,134.717498390951,120.753329501883,34.477466592444,-1.63679641479932
"B",2,62.0875778579962,-20.2995636527231,75.9696854063553,-88.6887675219684,-6.10845109103607
"B",2,58.9393919965308,75.9986654418469,93.3598457810169,-44.2575060903493,18.1701220478729
"B",2,47.6738016731937,131.779138221881,130.525781836209,-11.3050169775261,-43.4940740089702
"B",2,85.8082950895648,12.160684617265,146.162175639601,-54.2940525985103,6.00112514239253
"B",2,40.0653661794946,161.548469425211,137.734220363631,-10.6324034011613,-3.67878735296888
"B",2,76.2957709157452,103.232080492633,99.7743401173554,-6.27307068321029,-56.6156777219006
"B",2,77.397239639755,87.5960029251333,134.178291104739,9.47590044523736,44.030208162954
"B",2,74.7666681789489,71.3831268256988,113.228711026673,-25.5911133850636,43.8830444421324
"B",2,14.5272053437708,148.629189774419,103.739027055287,22.6061222320959,36.7495026941963
"B",2,71.7048792076304,133.959045666693,121.043325169104,8.85223380962587,-17.9954838199921
"B",2,29.1254715718274,75.199605028407,119.442073609765,42.2417232254426,-26.1463880901374
"B",2,14.8777056736363,147.434225000273,97.9133266966813,25.5086348097385,-48.8857710534971
"B",2,38.0995528022516,97.9437905679645,162.442184721174,-19.5894432585321,-1.16313890501991
"B",2,18.5498332900304,86.0796385608478,128.9641868945,32.7037265575665,37.888049727771
"B",2,4.74723080659785,131.915942074209,86.3224569204052,26.2653960651021,13.7423990539982
"B",2,10.1254273685963,144.502921889642,11.0239824785852,12.4707472513646,-50.4666844813218
"B",2,71.3581725946991,151.353656372547,88.8963211684104,13.0017034256636,-55.4790499029331
"B",4,102.483826841813,150.816972442246,15.1160148592782,-35.339923037737,-83.1917196124236
"B",4,73.7825532014753,39.1991448557355,29.3184630467171,-60.899307797121,1.48814007836948
"B",4,54.7589113682424,153.442200196431,20.8883873146827,-7.24022887238178,-25.8183248548733
"B",4,14.0380969687595,48.4163763920348,39.4923013424298,-38.2895636425363,-51.3784773699555
"B",4,25.9850897637611,64.2058418745354,88.194969893525,-66.0041535436151,-40.5759805312976
"B",4,77.0742511732377,84.8225505284135,153.174480142072,-27.1329610333331,-60.578342120743
"B",4,53.3202688569413,132.01806540278,93.7099128008847,29.0861779790221,-42.5875507399517
"B",4,46.7988743456838,135.566156369883,83.0875748715769,-16.1766577651029,-42.10233078423
"B",4,44.3473175313554,96.2582153769543,74.636656120089,4.45864438789657,-56.5953921963737
"B",4,2.37785313628159,101.820209885363,166.543079367221,-10.6458973261517,-53.2234157907863
"B",4,83.6467063205006,60.4645322499848,101.561346084298,-34.2745944462676,12.3398079496218
"B",4,69.9786378488225,140.204076862051,20.4183280108709,-9.10181159088882,-62.0067419719804
"B",4,67.1646782481885,76.3950886125824,97.2906282279145,-55.9173795014164,-57.2040151953362
"B",4,33.7349925773146,93.0558805989864,5.9831438173081,-38.4326628464912,-36.7974609447529
"B",4,82.7686140347285,134.842894357509,144.018227949912,3.03386062023525,-58.3521433893738
"B",4,53.2708576513991,100.480147361809,46.9879860825618,-14.4783358539712,-13.1999736379086
"B",4,-17.6637588139851,48.6523939604326,131.82258461398,-44.2862130367575,-36.4114993771179
"B",4,55.7833725926121,96.3786370919149,37.7604600518318,-11.5125206185305,-63.4479140149062
"B",4,108.528789091182,0.532021626400599,144.678154153385,-65.0303316986233,-22.1274278991465
"B",4,60.7449704576576,96.7864452225468,18.5293766316142,2.8032116656429,-56.4487583237557
"B",4,51.0232884710651,82.7533105375539,0.768235421139192,-27.9700568247111,-39.9981354737695
"B",4,28.7945079179482,53.0229781271147,134.102092228033,-63.2678148583694,-97.0442467958653
"B",4,52.5230026986745,132.507825970161,105.401947015527,28.8585090692596,-44.8264764077148
"B",4,71.9842878356293,10.1311091323898,-7.00309270554575,-86.5332161474601,-85.3906502812398
"B",4,59.7379956428098,52.9690871689573,5.91987489695352,-95.3698855526061,-31.833856038972
"B",4,108.511725855902,0.365583736428242,144.852584819998,-64.9690354731995,-22.610595641992
"B",4,78.4214987005569,128.228994807452,154.556976446032,-21.150693733162,-13.7723780709774
"B",4,39.6632167825761,16.9154732248368,-2.01430207985912,-88.3592292745394,-89.9218470272556
"B",4,50.0505897894167,133.712708054503,19.7120356617219,-10.6584581636432,-40.1862345891546
"B",4,-20.0220241387395,97.335710769826,25.195556120812,-5.72694171815657,2.89490377116806
"B",4,105.87062718931,93.8258378613477,137.700672834481,-37.7544642784152,-33.939685746394
"B",4,115.441604447212,101.503392727493,29.0860562297881,2.1210061293683,-55.7546375977113
"B",4,56.1038661053996,47.8308390391533,16.6253033689105,-56.8112132842261,-54.7878029233977
"B",4,48.5989380037202,127.012271568737,45.0444824582951,-24.3841807411255,-39.9059153639391
"B",4,89.9505064346955,143.508447600057,40.6165110848215,11.3748970517252,-16.6120493555534
"B",4,27.1104459145278,128.143680615133,137.16147263061,-35.2533689386823,-38.2095881470708
"B",4,77.5003833984134,96.3918271772181,82.9753068960101,-19.3745539285506,-61.8338290482786
"B",4,17.7094284523353,128.114310138519,98.2292078455406,-23.100443601142,-19.2939473783322
"B",4,81.0829756646912,94.9027552259544,16.4394950292837,-30.5762727116151,-40.9184510937194
"B",4,28.2080936320718,59.318421126031,137.629994372816,-59.2750540767057,-36.8626317834689
"B",4,75.8400871978169,148.624448340799,103.669721513635,-24.295707968797,-60.5169215017366
"B",4,82.9028993148008,134.372270732133,95.3177222476465,6.73428106277211,-57.2674763895567
"B",4,58.7997321772495,144.562392815851,135.078501768416,8.41750186097452,-56.2550942961822
"B",4,84.5907601241617,92.8188157348671,130.010804946889,-24.3852738588364,-81.7019684492941
"B",4,60.6651175440899,101.708750293451,131.651301796323,21.3480910214067,14.7790732295164
"B",4,82.6823482444496,143.264656013649,19.4514038441478,15.4501899222585,-56.0410277358294
"B",4,4.39745848643131,53.6435256645369,135.163032509794,-61.8299902503807,-41.5329138568876
"B",4,63.7010960117382,82.1811144786912,144.227916574595,-32.4524882941977,-25.0760105516049
"B",4,46.9593533259921,131.498760840746,144.449060125319,-43.8387734823113,-66.1772505748293
"B",4,42.3912587214652,18.7432597783869,74.9189690989159,-59.3590039539411,3.0442848825495
"B",4,57.7769464096517,94.3734225314353,133.824741265297,-31.1604702668836,-81.5363847297979
"B",4,17.2251707263881,97.8897413326521,7.70370659604817,-13.7752293781519,-35.1035201174341
"B",4,65.3251677758227,-3.85827437073846,95.7119088802385,-79.0663055794583,-91.7412271675109
"B",4,114.570813972292,140.085383823805,153.710477628437,-8.4995270860105,-62.8329217038395
"B",4,70.7014723078028,144.962583359924,101.533306460377,40.9042229773535,8.81448938621329
"B",5,9.17923913710857,134.159621845605,123.901809246343,-13.1139293784935,-30.7869749105359
"B",5,14.4072553466357,91.322784458842,117.794289375844,-1.95852305590375,-29.2629261941011
"B",5,-1.29217518398112,36.9720575884258,97.7141091922215,-57.6224937557126,-66.2681227811231
"B",5,-11.6078404471687,109.009269305208,51.2955605529358,-61.142642030769,-77.8180495992845
"B",5,0.150423422734981,99.0237586057843,57.9047617308475,12.4803645879135,-78.0289765697672
"B",5,81.6238960058927,87.3637956229549,142.771176979007,10.479991355105,-81.4307455564166
"B",5,52.911851761651,88.470269674128,137.344420058406,8.46821459611512,-23.8145170290195
"B",5,14.4248012430248,91.7256251112201,127.061324919388,8.6356997918627,-33.1043972547159
"B",5,52.3943737567883,46.595771186136,103.644307030098,-96.5239610923428,-63.1196679853702
"B",5,27.4929487448355,20.7347655886721,133.224945338116,-65.2895634346837,12.1887610579301
"B",5,-12.0954493816971,55.210450980446,97.3820578646096,-83.1279887400393,-30.6904227761891
"B",5,-15.4066722662557,96.9330349003525,79.3186308494951,8.06266038607223,-74.1777047716432
"B",5,57.3103252117871,25.6031200879602,133.719055278026,-72.9409055977156,-5.90665866552759
"B",5,127.517383078937,96.2956202439307,76.936129590059,-28.7200560264504,-1.96878070559577
"B",5,-4.59358901809836,123.668085992249,105.691315044165,-45.9785986840984,-29.7505698746163
"B",5,52.4460905928195,97.22535918459,126.922917176128,6.28152539499771,-74.6949937907342
"B",5,32.7003106902923,90.4911922351791,128.739762842233,21.6446655210932,-19.3330700299601
"B",5,61.7791013175091,105.195154003805,58.3972714375894,-68.9417576009226,1.81556755626616
"B",5,-12.0023256186949,96.90022192708,79.9390640936339,8.67053593501144,-74.7008734970926
"B",5,80.8903056642696,94.0436136609591,139.09364400237,25.4251084940887,-64.2782210988523
"B",5,13.3752364782243,128.983087487033,92.3362265288127,-30.0399143602359,7.44318672796992
"B",5,15.9384164315912,95.748930617317,124.466067439231,0.378495929082,0.198885283981124
"B",5,-2.7637780582207,90.9854214402391,15.2661129924525,-23.3688561269657,-89.1474049804367
"B",5,7.54490423495046,103.786850858275,95.7280712989732,9.63966833636117,-62.7369101200155
"B",5,58.8193959492515,98.8191212090489,126.855699895953,0.385706096533779,-41.4225601124698
"B",5,53.2654073995098,92.776441636169,55.6677147376461,1.47777948222819,-20.1677738785599
"B",5,50.2216956966131,88.8793472318225,141.20702684563,5.97642447565648,-27.7192952070194
"B",5,75.859487613786,92.9694014564236,94.4514054509643,2.97396034872418,-75.7308793201675
"B",5,62.5768699190911,106.269653630703,77.6048604050912,-67.0805588822567,-66.8255163345483
"B",5,82.1853731095631,82.5088613981616,110.046764643306,-70.7912163384585,-80.1597613092216
"B",5,-30.9426952029195,99.0392806661878,103.743215001016,1.34687643377512,-69.2607782820489
"B",5,57.2769481493216,34.0061323231851,148.084851867597,-41.1685495888897,-2.75001530236272
"B",5,68.517371787546,80.7418283370366,118.451524684906,-14.0373563254202,-18.8692305387091
"B",5,26.7757402888796,99.4200561788117,71.7173669798107,-7.11768301519056,-33.2624679081608
"B",5,14.7368974269908,136.885239071355,99.1854764610084,-36.8111281414943,-15.2294568381875
"B",5,-13.500162867779,134.789560277325,20.3021627736606,-52.3735285171251,-50.1185747322277
"B",5,78.9900628207317,99.3706113493315,98.9444014549481,7.98733833580403,-90.6297819823155
"B",5,-20.4571131491093,134.501554965789,131.602965210312,-34.5577684529405,-9.12767923989237
"B",5,-4.87787026421521,17.1911150681967,23.4207867352992,-76.1986902145114,-51.7106556435983
"B",5,18.1818641297431,116.543486426543,28.441280754482,-67.7669276464365,-41.8695686462375
"B",5,-2.2254736209218,105.554517982289,132.009338662006,-3.54467182077512,-42.6605100728706
"B",5,53.0320750034382,77.5436862048634,87.0437614073124,-62.3992833029122,39.6723920860991
"B",5,95.7772798148744,133.766345247615,69.8891891953967,26.8323148095824,-63.3724893157084
"B",5,76.9504116475444,121.017279246256,81.3970894263625,-23.4776224764348,11.2156736130972
"B",5,60.2538340591133,92.6159687165639,145.84042510699,-15.1322405646678,-66.7195999326778
"B",5,77.499806730197,127.608431265566,98.9998308787884,-31.5472318670347,7.86970997696395
"B",5,44.1567734115651,83.8314940409681,97.4011065163841,-69.5432768530344,-18.2815659215536
"B",5,83.1439268618383,90.9121506117504,86.6462958155312,20.6568918907417,22.5316366186819
"B",5,-10.7243193456636,127.404323721486,131.881242275999,-30.8399946042704,-39.3950387597444
"B",5,53.1797418250338,77.4786074254285,137.844242764054,-6.68019556773164,-21.7870372131333
"B",5,60.7702092527259,96.9371542232243,78.0679052657188,-10.1812431376013,-53.1916048460935
"B",5,-17.152869215164,129.75726843993,103.199943809566,-46.044006697982,-40.3348855813859
"B",5,10.5202613948264,109.850789126559,104.928732705507,-64.9422121214168,-29.6123048320925
"B",5,74.5327795902714,101.030501397827,115.380574484639,-2.84608987396808,-15.7475216647215
